Comparison,Delta_BA,CI_Low,CI_High,p_raw,p_adjusted,Significant,Discordant_Rate,n_01,n_10
Baseline vs Base+OPRO (Classic),-0.24058106841611981,-0.2573892614114448,-0.22328910978738706,0.0,0.0,True,0.37844423617619494,1471,6605
Baseline vs LoRA (Hand-crafted),-0.2895501405810683,-0.3027382841430256,-0.2759766190670375,0.0,0.0,True,0.3810215557638238,976,7155
LoRA vs LoRA+OPRO (Classic),-0.01883786316776015,-0.022911672189514936,-0.014955427939582213,6.784846268437478e-78,1.3569692536874957e-77,True,0.024461105904404874,60,462
LoRA+OPRO Classic vs LoRA+OPRO Open,9.893720095988101e-05,1.5919646744846918e-05,0.00021448465444105208,1.0,1.0,False,0.0,0,0
