{
  "bootstrap_params": {
    "n_bootstrap": 10000,
    "random_state": 42
  },
  "configurations": {
    "baseline": {
      "config_name": "Baseline (Hand-crafted)",
      "n_samples": 21340,
      "n_clips": 970,
      "ba_clip": {
        "point": 0.6406279287722587,
        "ci": [
          0.6270233450692709,
          0.6540517324056129
        ]
      },
      "recalls": {
        "recall_speech": 0.3224929709465792,
        "recall_speech_ci": [
          0.31368905220096865,
          0.3314246573651729
        ],
        "n_speech": 10670,
        "recall_nonspeech": 0.9587628865979382,
        "recall_nonspeech_ci": [
          0.9548220316930492,
          0.9623735288527465
        ],
        "n_nonspeech": 10670
      }
    },
    "base_opro_classic": {
      "config_name": "Base + OPRO (Classic)",
      "n_samples": 21340,
      "n_clips": 970,
      "ba_clip": {
        "point": 0.8812089971883785,
        "ci": [
          0.8684057609698331,
          0.8932928030988708
        ]
      },
      "recalls": {
        "recall_speech": 0.9164011246485473,
        "recall_speech_ci": [
          0.9109982623553454,
          0.9215042658377026
        ],
        "n_speech": 10670,
        "recall_nonspeech": 0.8460168697282099,
        "recall_nonspeech_ci": [
          0.8390439953724332,
          0.8527406848185938
        ],
        "n_nonspeech": 10670
      }
    },
    "lora_hand": {
      "config_name": "LoRA + Hand-crafted",
      "n_samples": 21340,
      "n_clips": 970,
      "ba_clip": {
        "point": 0.930178069353327,
        "ci": [
          0.9207506838050297,
          0.9387369217493274
        ]
      },
      "recalls": {
        "recall_speech": 0.9835051546391752,
        "recall_speech_ci": [
          0.9809085899104223,
          0.9857536974962701
        ],
        "n_speech": 10670,
        "recall_nonspeech": 0.876850984067479,
        "recall_nonspeech_ci": [
          0.8704798924357859,
          0.8829508223659801
        ],
        "n_nonspeech": 10670
      }
    },
    "lora_opro_classic": {
      "config_name": "LoRA + OPRO (Classic)",
      "n_samples": 21340,
      "n_clips": 970,
      "ba_clip": {
        "point": 0.9490159325210872,
        "ci": [
          0.941745784569749,
          0.9557693432815924
        ]
      },
      "recalls": {
        "recall_speech": 0.9822867853795689,
        "recall_speech_ci": [
          0.9796048071829624,
          0.9846216186737617
        ],
        "n_speech": 10670,
        "recall_nonspeech": 0.9157450796626054,
        "recall_nonspeech_ci": [
          0.9103237920823088,
          0.9208671183530639
        ],
        "n_nonspeech": 10670
      }
    },
    "lora_opro_open": {
      "config_name": "LoRA + OPRO (Open)",
      "n_samples": 21315,
      "n_clips": 970,
      "ba_clip": {
        "point": 0.9489169953201273,
        "ci": [
          0.9416034349879652,
          0.9556898892665605
        ]
      },
      "recalls": {
        "recall_speech": 0.9822867853795689,
        "recall_speech_ci": [
          0.9796048071829624,
          0.9846216186737617
        ],
        "n_speech": 10670,
        "recall_nonspeech": 0.9155472052606858,
        "recall_nonspeech_ci": [
          0.9101138319035844,
          0.9206807699516077
        ],
        "n_nonspeech": 10645
      }
    }
  }
}