{
  "ba_clip": {
    "point": 0.9490159325210872,
    "ci": [
      0.941745784569749,
      0.9557693432815924
    ]
  },
  "recalls": {
    "recall_speech": 0.9822867853795689,
    "recall_speech_ci": [
      0.9796048071829624,
      0.9846216186737617
    ],
    "n_speech": 10670,
    "recall_nonspeech": 0.9157450796626054,
    "recall_nonspeech_ci": [
      0.9103237920823088,
      0.9208671183530639
    ],
    "n_nonspeech": 10670
  },
  "duration_thresholds": {
    "DT50": {
      "point": 20.0,
      "censoring": "below_range",
      "ci": [
        20.0,
        20.0
      ]
    },
    "DT75": {
      "point": 20.0,
      "censoring": "below_range",
      "ci": [
        20.0,
        20.0
      ]
    },
    "DT90": {
      "point": 66.15384615384616,
      "censoring": "ok",
      "ci": [
        52.352941176470615,
        91.42857142857143
      ]
    }
  },
  "snr_thresholds": {
    "SNR75": {
      "point": -10.0,
      "censoring": "below_range",
      "ci": [
        -10.0,
        -10.0
      ]
    }
  },
  "n_samples": 21340,
  "n_clips": 970,
  "config_key": "lora_opro_classic",
  "config_name": "LoRA + OPRO (Classic)",
  "config_type": "lora_opro",
  "csv_path": "/mnt/fast/nobackup/users/gb0048/opro2_clean/results/complete_pipeline_seed42/07_eval_lora_opro/predictions.csv",
  "fingerprint": "b16c4bebe4a63ec2"
}